id,first_name,last_name
1,Michael,P.
2,Shawn,M.
3,Kathleen,R.
4,Jimmy,C.
5,Katherine,R.
6,Sarah,D.
7,Martin,M.
8,Frank,R.
9,Olivia,F.
10,Jennifer,F.
11,Thomas,L.
12,Lisa,W.
13,David,B.
14,Emily,S.
15,Robert,M.
16,Amanda,J.
17,Daniel,T.
18,Jessica,H.
19,Christopher,W.
20,Ashley,G.
21,Matthew,D.
22,Stephanie,K.
23,Andrew,P.
24,Nicole,L.
25,Joshua,R.
26,Elizabeth,C.
27,Ryan,S.
28,Megan,A.
29,Brandon,M.
30,Rachel,T.
31,Kevin,H.
32,Lauren,N.
33,Jason,B.
34,Samantha,E.
35,Justin,F.
36,Angela,O.
37,Timothy,G.
38,Michelle,P.
39,Eric,D.
40,Christina,Q.
41,Brian,I.
42,Heather,V.
43,Gregory,U.
44,Rebecca,X.
45,Adam,Y.
46,Amber,Z.
47,Nicholas,A.
48,Brittany,S.
49,Jonathan,D.
50,Kayla,F.
